name,class,class_detail,subtype,domain_detail,dynamics,layers,real_stack,real_stack_detail,scale,inputs,outputs,language,license,maintenance,maintenance_detail,last_activity,url,publication,contact,notes,source,added,verified,domains
5G-LENA NTN,Simulator,,3GPP NTN system-level (ns-3 nr module),NTN-5G (GEO/LEO),Geocentric coordinates + satellite mobility models (TR 38.811),NR PHY/MAC/RLC/PDCP + full ns-3 stack; atmospheric/scintillation channel,no,No,TR 38.821 calibration scenarios; LEO demo example (GSoC 2025),ns-3 scenario configs,ns-3 traces,C++,GPL-2.0,active,Yes (releases for ns-3.44/3.46 in 2025),2025-10,https://gitlab.com/cttc-lena/nr,WNS3 2023 (arXiv:2305.05544),CTTC + Univ. Padova,de facto open simulator for 3GPP NTN Rel-17+ studies,sweep,2026-07,2026-07,LEO; NTN-5G; GEO / DVB
A-SABR,Library,,Adaptive modular Rust SABR/CGR library,Space DTN routing,Contact plans (multiple parsers),CGR/SABR + variants (SPSN; alt pathfinding; volume management),no,No (embeddable in real stacks),Benchmark-oriented,Contact plans,Route computations,Rust,MIT,active,Yes (pushed 2026-07-07),2026-07,https://github.com/DTN-MTP/A-SABR,HAL hal-05301072 (2025); CCSDS SABR,O. De Jonckere (LIRMM),emerging modern SABR/CGR reference decoupled from any BP stack,sweep,2026-07,2026-07,Deep space / DTN
aiodtnsim,Simulator,,Minimal asyncio DTN forwarding/routing prototyping,Space DTN,TVGs from dtn-tvg-util (TLE or synthetic),Abstract bundles; pluggable CGR-family routing,no,No,Ring Road / LEO scenarios,TVG files,Simulation results,Python,MIT,low,Quiet-maintained (activity 2026-06),2026-06,https://gitlab.com/d3tn/aiodtnsim,Walter PhD / D3TN papers,Felix Walter (D3TN),simulation companion to uD3TN in published routing evaluations,sweep,2026-07,2026-07,Deep space / DTN
Argus-1,In-orbit platform,,CubeSat (AI compute; vision-based navigation),Orbital edge computing,N/A,Onboard ML inference (Jetson Orin Nano 8GB); CubeSat radio; no ISL,na,N/A,Single CubeSat (Argus-2 in development),N/A,N/A,Open-source HW/SW (cmu-argus-1/2),Open source,planned,Not yet launched (slipped from fall 2025),2026,https://github.com/cmu-argus-1,ASPLOS 2020 lineage; ICRA 2025,B. Lucia / Z. Manchester (CMU),Row overstates: single CubeSat not constellation; closed access but open design,dagstuhl,2026-07,2026-07,Orbital compute
CCC-LEO Dataset,Dataset / data,Dataset,Continuous latency + dish diagnostics,LEO broadband,N/A,ICMP/IRTT latency; gRPC diagnostics,na,N/A,30+ dishes; 6 continents; ~20 TB since 2023,N/A,JSON; ping logs; CSV; Turnstile-gated HTTP download,N/A,CC BY-SA 4.0,active,Yes (weekly portal + monthly Zenodo),2026,https://lens-starlink.jinwei.me/,ACM MMSys 2024 (LENS),Jianping Pan (UVic),CCC-LEO is the infrastructure; LENS is its published dataset,dagstuhl,2026-07,2026-07,LEO
CCC-LEO Testbed,Testbed,,Pan-Canadian + global Starlink testbed,LEO broadband,N/A (real satellites),Real Starlink links; latency focus,yes,Yes,All Canadian provinces/territories + 30 dishes on 6 continents,Sign-up form for participation,Monthly public data releases; coverage map,N/A,UNKNOWN (data CC BY-SA),active,Yes (renamed for Dave Taht 2025),2026-06,https://onlineacademiccommunity.uvic.ca/cccleo,No flagship paper yet,Jianping Pan (pan@uvic.ca),NSERC RTI funded; public access platform under development,dagstuhl,2026-07,2026-07,LEO
CCSDS DTN Reference Scenarios,Dataset / data,,Standardized DTN benchmark scenarios,"LEO, lunar and Mars communication scenarios",Curated visibility windows plus planned and actual contact plans (schedule deviation captured explicitly),"Scenario definition only: nodes, contacts, traffic, policy",na,,"Three scenarios (low-earth-orbit, lunar-communication, mars-communication), v1.0 each",n/a,"CSV (visibility, contacts) + JSON (nodes, traffic, policy) + AsciiDoc/PDF documentation; tool-neutral",Data only,CC BY 4.0 (CCSDS 2026),active,"Created 2026-04, pushed 2026-07",2026-07,https://github.com/esa/ccsds-dtn-reference-scenarios,"Companion to a CCSDS Yellow Book (SIS-DTN, 2026)",ESA on behalf of CCSDS,"Agency-endorsed common benchmark set for DTN tools; intended as shared input to simulators (DtnSim, DSNS) and stacks (ION, HDTN) so results are comparable. The planned-versus-actual contact split supports schedule-uncertainty studies.",community,2026-07,2026-07,Deep space / DTN
Celestial,Emulator,,Firecracker microVM constellation emulation,LEO edge computing,TOML shell descriptors + SGP4; bounding-box live subset,tc-netem links from geometry; full Linux stacks in microVMs; built-in DNS,yes,Yes (microVMs),66-sat Iridium class evaluated; Starlink shell-1 as motivating config,TOML config; custom kernel/rootfs images,App-level results; network state monitoring,Python + Go,GPL-3.0,low,Low (last push 2025-01; 67 stars),2025-01,https://github.com/OpenFogStack/celestial,ACM/IFIP Middleware 2022,TU Berlin (Pfandzelter; Bermbach),Bounding-box suspension saves resources; WebRTC case study,dagstuhl,2026-07,2026-07,LEO; Orbital compute
CelesTrak,Dataset / data,Data service,Orbital element distribution,Orbital elements,N/A (source of TLE/GP data),N/A,na,N/A,Full public catalog since 1985,N/A,TLE/3LE; OMM; JSON; CSV; XML via gp.php API,N/A,Free access per usage policy (501c3),active,Yes (multiple daily updates),2026-06,https://celestrak.org/,N/A (service),T.S. Kelso,De facto standard TLE source; SupGP includes operator ephemerides,dagstuhl,2026-07,2026-07,Orbits / astro
Contact Plan Designer (CPD),Implementation,,Contact plan computation and design tool,"DTN-based space-terrestrial networks, LEO to interplanetary","Keplerian two-body propagation; TLE/SGP4 and SPICE import; occlusion, elevation and boresight access conditions","Access computation; conflict-free contact plan design (fair contact plan solver); timeline editing; 2D/3D/timeline visualization; CLI, local web app and Python API",no,Planning tool; exports feed real stacks,Solar-system scale; Walker LEO constellations to interplanetary scenarios,YAML scenario files; TLE; SPICE kernels,ION and HDTN contact plans; IETF TVR; IPN-V scenario format; STK-style access CSV; JSON,Python + JavaScript,MIT,active,"Created 2026-06, active development, live site at contact-plan-designer.space",2026-07,https://gitlab.inria.fr/jfraire/contact-plan-designer,IEEE SMC-IT 2017 (original concept); 2026 rewrite,"Juan A. Fraire (Inria), Pablo Madoery (Carleton)","Generates the contact plans consumed by ION, HDTN and DtnSim; exports to the IPN-V visualizer and IETF TVR YANG schedules. Open alternative to STK-based access computation.",community,2026-07,2026-07,Deep space / DTN; LEO
CosmicBeats,Simulator,,Discrete-time modular (node/model architecture),IoT direct-to-satellite / EO,TLE (CelesTrak) + Skyfield,Orbits; LoRa-class PHY; MAC (CosMAC); compute and imaging models,no,No (abstract models),"1,000 IoT devices + 150 LEO sats in examples",JSON configs + TLE files,Logs + analytics pipeline (CSV),Python,MIT,inactive,No (last push 2024-09; 58 stars),2024-09,https://github.com/microsoft/CosmicBeats-Simulator,ACM MobiCom 2024 (CosMAC),Microsoft Research,Application-agnostic; example parameters illustrative not validated,dagstuhl,2026-07,2026-07,IoT
CosmicDance,Measurement,,TLE-driven orbital decay and shift analysis,Space weather impact on constellations,TLE time series,Orbit shift and decay measurement after solar events (Starlink case study),na,,Constellation-scale TLE analysis,TLE archives,Analysis results and dataset,Python,MIT,low,Last push 2024-12; successor CosmicDancePro (arXiv 2026),2024-12,https://github.com/suvambasak/CosmicDance,ACM IMC 2024,IIT Kanpur and MSR India (Basak),Links space weather events to connectivity-infrastructure risk. Successor: CosmicDancePro (arXiv:2604.22685).,sweep,2026-07,2026-07,Orbits / astro; LEO
cote,Simulator,,Compute/energy/comms system simulator,EO / orbital edge computing,TLE + SGP4-class; variable time-step,Orbit; power/energy; compute; ground contact windows,no,No,Constellation-scale (nanosat EO),TLE + fixed-width config files,Logs/CSV traces,C++17,MIT,inactive,No (dormant since 2022-11; 31 stars),2022-11,https://github.com/cmuabstract/cote,ASPLOS 2020 (Orbital Edge Computing),CMU Abstract lab (Denby; Lucia),Strong compute/energy modeling; weak networking layers,dagstuhl,2026-07,2026-07,Orbital compute
DIPT HTTP,Implementation,,HTTP over space-profiled QUIC,Deep space (IP/QUIC),None (run over external delay environment),Application HTTP over QUIC,yes,Yes,Point-to-point,Undocumented,Undocumented,Rust,Apache-2.0,active,Yes (young; last push 2025-10),2025-10,https://github.com/deepspaceip/dipt-http,Supports TIPTOP drafts,Marc Blanchet (Viagenie),Likely uses deepspace-quiche (Cloudflare quiche fork with no-op CC),dagstuhl,2026-07,2026-07,Deep space / DTN
DIPT IP store-and-forward,Implementation,,IP-layer store-and-forward capability,Deep space,Via workbench JSON (buffers + timed link events),Network-layer queueing during disconnection,no,Simulated (in workbench),As per workbench scenarios,As per workbench,As per workbench,Rust (within workbench),Apache-2.0 / MIT,low,With workbench,2026-06,https://github.com/deepspaceip/dipt-quic-workbench,draft-ietf-tiptop-ip-architecture,Marc Blanchet (Viagenie),STANDALONE REPO 404: capability realized inside workbench; fix URL in survey,dagstuhl,2026-07,2026-07,Deep space / DTN
DIPT NETCONF-over-QUIC proxy,Implementation,,Management-plane proxy pair (NETCONF/QUIC),Deep space (network management),None,NETCONF over QUIC; SSH leg to netopeer2 backend,yes,Yes,Single management session,NETCONF XML sessions,NETCONF sessions,Rust,Apache-2.0 / MIT,inactive,Dormant PoC (last push 2024-11),2024-11,https://github.com/deepspaceip/dipt-netconf-over-quic-proxy,Complements TIPTOP drafts,Marc Blanchet (Viagenie),Unauthenticated by design (testing only),dagstuhl,2026-07,2026-07,Deep space / DTN
DIPT Network scenarios,Dataset / data,Dataset,JSON deep-space scenario definitions,Deep space,Hand-authored JSON (topology; timed link events; no propagator),Scenario description only,na,N/A,Few-node scenarios,JSON,Drives the QUIC workbench,JSON,Apache-2.0 / MIT (in workbench),active,Yes (with workbench),2026-06,https://github.com/deepspaceip/dipt-quic-workbench (test-data/),Mirrors draft-ietf-tiptop-usecase,Marc Blanchet (Viagenie),STANDALONE REPO 404: lives inside workbench test-data/; fix URL in survey,dagstuhl,2026-07,2026-07,Deep space / DTN
DIPT QUIC Workbench,Simulator,,Deterministic in-memory network sim with real QUIC,Deep space (IP/QUIC),JSON topology + timed link events (hand-authored contact windows; no TLE),IP store-and-forward with per-node buffers; real Quinn QUIC; HTTP-like app,no,Real QUIC stack over simulated network,Few-node scenarios (Earth-Moon/Mars/Voyager),JSON topology/events/traffic; QUIC transport params,CLI stats; synthetic pcap with TLS keylog; qlog,Rust,Apache-2.0 / MIT,active,Yes (last push 2026-06; 42 stars),2026-06,https://github.com/deepspaceip/dipt-quic-workbench,IETF TIPTOP drafts (quic-profile; ip-architecture),Marc Blanchet (Viagenie),Hub of DIPT family; time-warped deterministic execution; scenarios in test-data/,dagstuhl,2026-07,2026-07,Deep space / DTN
DIPT SCHC TAP,Implementation,,SCHC header compression over Linux TAP,Deep space / constrained links,None (TAP interface; any emulated link below),Adaptation-layer compression below IP,yes,Yes (kernel TAP),Single link pair,Ethernet/IP frames via TAP,SCHC-compressed frames,Rust,None yet (UNLICENSED),low,Early prototype (created 2025-11; no README),2025-11,https://github.com/deepspaceip/dipt-schc-tap,None yet,Marc Blanchet (Viagenie),Newest and least mature DIPT piece; no README/license/releases,dagstuhl,2026-07,2026-07,Deep space / DTN
DSNS,Simulator,,Discrete-event message/flow-level,Deep space DTN + multi-constellation,Fixed points; Walker params; TLE + SGP4; manual links,Abstract PHY; store-and-forward routing with lookahead; detailed LTP; BP-style delivery,no,No,"50,688 satellites; faster than real time on 1 core",Python config scripts,Logs (latency; hops; saturation); pyrender 3D viz,Python (pip: dsns),GPL-3.0,active,Yes (created 2025-09; last push 2026-06),2026-06,https://github.com/ssloxford/DSNS/,IEEE 3S 2025 (arXiv:2508.04317),Oxford Systems Security Lab + armasuisse,Built for PKI-in-space studies; CGR mentioned but NOT implemented; no custody transfer,dagstuhl,2026-07,2026-07,LEO; Deep space / DTN
DTN-COMET,Measurement,Benchmark framework,Automated benchmarking of DTN implementations,Deep space DTN,N/A (node-to-node scenarios),Bundle layer of real DTN stacks (uD3TN; ION); goodput/RTT/CPU/RAM,yes,Yes (real DTN implementations),Two-node evaluations demonstrated,Evaluation configs via API,Metrics via API,Python,BSD-2-Clause,low,Low (last activity 2026-02; 0 stars),2026-02,https://gitlab.com/noethlich/dtn-comet,IEEE WiSEE 2024 (arXiv:2501.10006),T. Noethlich / F. Walter (D3TN),Benchmarks DTN stacks; does not emulate satellite channels itself,dagstuhl,2026-07,2026-07,Deep space / DTN
dtn-tvg-util,Library,,Time-varying-graph / contact-plan generation,Space DTN tooling,TLE-derived and synthetic contact generation,Contact plans / TVGs only,no,No,N/A,TLEs; scenario params,Contact plans / TVGs,Python,MIT,low,Quiet-maintained (activity 2026-06),2026-06,https://gitlab.com/d3tn/dtn-tvg-util,D3TN/TU Dresden papers,Felix Walter (D3TN),rare reusable bridge between orbit propagators and DTN simulators,sweep,2026-07,2026-07,Deep space / DTN
dtn7-go,Implementation,,Go BPv7 daemon (recently rewritten),General DTN,CLA discovery/config,BPv7; TCPCLv4/MTCP/QUIC(exp) CLAs; epidemic/spray routing,yes,Yes,Research deployments,Config,Bundle traffic,Go,GPL-3.0,active,Yes (pushed 2026-02),2026-02,https://github.com/dtn7/dtn7-go,ADHOC-NOW 2019 (DTN7),dtn7 org,companion BPv7 stack for multi-implementation interop,sweep,2026-07,2026-07,Deep space / DTN
dtn7-rs,Implementation,,Rust BPv7 daemon + library,General DTN,Neighbor discovery; external routing hook,BPv7; MTCP/TCPCLv4/HTTP CLAs; epidemic/flooding/external routing,yes,Yes,Terrestrial + lab space scenarios,Config; REST/WebSocket API,Bundle traffic,Rust,MIT/Apache-2.0,active,Yes (pushed 2026-05),2026-05,https://github.com/dtn7/dtn7-rs,RFC 9171,dtn7 org (Marburg),most active independent BPv7 implementation; common in emulation testbeds,sweep,2026-07,2026-07,Deep space / DTN
DTNME,Implementation,,NASA Marshall DTN2-heritage stack (ISS ops),Near-Earth DTN operations,Configured links/schedules,BPv6+v7; TCPCL/LTP/UDP CLAs; static/external routing (Unibo-CGR integrable),yes,Yes,ISS payload operations,Config,Bundle traffic,C++,NASA NOSA,low,Low (last push 2024-05),2024-05,https://github.com/nasa/DTNME,RFC 5050/9171,NASA MSFC,operationally deployed ISS DTN stack; surviving DTN2 lineage,sweep,2026-07,2026-07,Deep space / DTN
DtnSim,Simulator,,Bundle-level discrete-event (OMNeT++),Deep space DTN,Contact plan files (mobility precomputed externally),Contacts; DTN routing (real ION 3.5.0 CGR on support-ion branch); bundle traffic,partial,Partially (ION CGR flight code inside simulator),Typical DTN topologies (no published limits),Contact plans + INI configs,OMNeT++ scalar/vector statistics,C++ (OMNeT++),MIT,active,Yes (last activity 2026-06; beta),2026-06,https://gitlab.inria.fr/jfraire/dtnsim,IEEE SMC-IT 2017,Madoery; Fraire (LCD-UNC/Inria),Distinguishing feature: runs real ION CGR code in simulation,dagstuhl,2026-07,2026-07,Deep space / DTN
ebpf-trace-emu,Emulator,,Trace-driven link emulation (eBPF),LEO broadband (Starlink; method generic),N/A (measured traces not orbits),Link only (delay via EDT qdisc; loss via XDP); real stack above,yes,Yes (Linux kernel),Single link; 10k+ trace entries at 10ms granularity,Text trace files (irtt JSON converter included),Live emulated link; measure via irtt/iperf3,Python + C,None (UNKNOWN),active,Yes (last push 2026-06; 4 stars),2026-06,https://github.com/yeliqseu/ebpf-trace-emu,IEEE Networking Letters 2024/25,Ye Li (Southeast Univ.),Replays measured Starlink dynamics rather than modeled geometry,dagstuhl,2026-07,2026-07,LEO
ESA PhiSat-2,In-orbit platform,,6U CubeSat running uploadable AI apps (NMF),Onboard AI / in-orbit computing,N/A,Multispectral imager + AI accelerator; app management via open-source NanoSat MO Framework,yes,Yes,1 CubeSat (launched 2024-08),Apps via ESA / NMF,Experiment results,Java (NMF open source),NMF open source; access via ESA,active,Yes (routine ops since mid-2025),2026,https://www.esa.int/Applications/Observing_the_Earth/Phsat-2,ESA Phi-lab pages,ESA Phi-lab / Open Cosmos,realistic external path to software on orbit; CCSDS-MO app layer networking-relevant,sweep,2026-07,2026-07,Orbital compute
ESTNeT,Simulator,,OMNeT++/INET space-terrestrial + spacecraft subsystems,Smallsat networks,Orbit models (OMNeT++ framework),Network + power and attitude subsystem models,no,No,Smallsat constellations,OMNeT++ configs,OMNeT++ results,C++,Open source,inactive,No (dormant since ~2021),2021,https://github.com/estnet-framework/estnet,CEAS Space Journal 2020,Univ. Wuerzburg,only OMNeT++ framework with spacecraft subsystem models; beside OS3/FLoRaSat,sweep,2026-07,2026-07,Other
FLoRaSat,Simulator,,Packet-level discrete-event (OMNeT++),IoT direct-to-satellite (LoRa),Keplerian params; Walker Star/Delta; SGP4 (leosatellites/OS3); TLE in development,Full LoRa PHY; LoRaWAN MAC (Class A/B/S; FSA); ISLs; routing (v2),no,No (INET protocol models),16 sats + up to 1500 ground IoT nodes in samples,OMNeT++ NED/INI configs,OMNeT++ scalar/vector results,C++ (OMNeT++),LGPL-3.0,active,Yes (last activity 2026-06; ANR STEREO),2026-06,https://gitlab.inria.fr/jfraire/florasat,WoWMoM 2022; IJSCN 2025 (FLoRaSat 2),Juan A. Fraire (Inria),Under active development; not a stable documented release,dagstuhl,2026-07,2026-07,IoT
From GEO to LEO in-flight dataset,Dataset / data,,Starlink aviation connectivity measurements,Aeronautical mobility,n/a,In-flight Starlink versus GEO comparison,na,,Flight campaigns,n/a,Dataset in repository,n/a,Not stated,active,Published 2025,2025,https://github.com/comnetsAD/From_GEO_to_LEO_IMC2025,ACM IMC 2025,NYUAD ComNets,Public in-flight Starlink measurement dataset.,sweep,2026-07,2026-07,LEO
HDTN,Implementation,,High-rate multi-Gbps modular BP stack,Near-Earth high-rate DTN,JSON contact plans; scheduler module,BPv6+v7; BPSec; LTP/TCPCLv3-v4/UDP/STCP; CGR-based routing,yes,Yes,Multi-Gbps demonstrated,JSON contact plans; config,Bundle traffic; stats,C++,NASA NOSA 1.3,low,Yes-ish (v2.0.0 2025-09),2025-09,https://github.com/nasa/HDTN,RFC 9171; WiSEE/SmallSat papers,NASA Glenn,reference for throughput-bound DTN; orders of magnitude faster than ION,sweep,2026-07,2026-07,Deep space / DTN
Horizon,Dataset / data,,Global Starlink performance analysis and prediction,Starlink measurement and ML prediction,n/a,Cloudflare AIM and M-Lab NDT7 pipeline; latency and throughput prediction models,na,,"Global (reported MAE 17.8 ms latency, 25.6 Mbps throughput)",n/a,Code and data pipeline,Python,Not stated,active,Published 2026,2026,https://github.com/SPEAR-Research-Lab/Horizon-Predicting-Starlink-Performance,ACM SIGMETRICS 2026,"SPEAR lab, TU Delft (Shreedhar, Mohan)",Global-scale Starlink performance model with a released pipeline.,sweep,2026-07,2026-07,LEO
Hypatia,Simulator,,Packet-level discrete-event (ns-3),LEO broadband,Parametric shells (Starlink/Kuiper/Telesat presets) + SGP4,ISL topology; GSL; precomputed routing; ns-3 transport/app models,no,No (ns-3 abstract stacks),"~1,584+ sats (Starlink shell-1); 5-shell generation",Parametric constellation configs; ground station lists,Routing state files; RTT/throughput traces; CesiumJS 3D viz,Python + C++,Mixed: satgenpy MIT; ns3-sat-sim GPLv2; satviz MIT,inactive,No (last push 2024-05; 505 stars; de facto baseline),2024-05,https://github.com/snkas/hypatia,ACM IMC 2020,ETH Zurich (Kassing; Bhattacherjee; Singla),Widely forked baseline (159 forks); routing precomputed offline not reactive,dagstuhl,2026-07,2026-07,LEO
IBR-DTN,Implementation,,Legacy embedded BPv6 stack,Terrestrial/embedded DTN,IP neighbor discovery; opportunistic,BPv6 only; TCPCL/UDP/LoWPAN/Bluetooth CLAs; epidemic/PRoPHET,yes,Yes,OpenWrt/Android-class devices,Config,Bundle traffic,C++,Apache-2.0,inactive,No (last commit 2024-10; flagged outdated by IPNSIG),2024-10,https://github.com/ibrdtn/ibrdtn,RFC 5050; CHANTS 2008,TU Braunschweig,historically dominant BPv6 stack; mark legacy/BPv6-only,sweep,2026-07,2026-07,Deep space / DTN
ion-core,Implementation,,Streamlined flight-ready ION subset,Deep space DTN,Contact plans,BPv7 core; selected CLAs; CGR,yes,Yes,Embedded/flight targets,Contact plans; config,Bundle traffic,C,Caltech open source,active,Yes (pushed 2026-04),2026-04,https://github.com/nasa-jpl/ion-core,RFC 9171,NASA JPL,hardened ION packaging for flight infusion,sweep,2026-07,2026-07,Deep space / DTN
ION-DTN,Implementation,,NASA JPL reference BP/DTN stack,Deep space DTN,Contact plans (ionrc format),BPv6+BPv7; BPSec; LTP/TCPCL/STCP/UDP/BSSP CLAs; full CGR/SABR,yes,Yes,Flight-proven (ISS); de facto standard,Contact plans; config,Real bundle traffic; logs,C,Caltech BSD-style,active,Yes (4.2.0-b 2026-07; pushed 2026-07-07),2026-07,https://github.com/nasa-jpl/ION-DTN,RFC 5050/9171; CCSDS SABR,NASA JPL,the most-used BP/CGR implementation; nearly every DTN paper benchmarks against it,sweep,2026-07,2026-07,Deep space / DTN
IONE,Implementation,,Community ION fork with experimental features,Deep space DTN,Contact plans,BPv6/v7; ION CLAs; CGR + inter-regional forwarding,yes,Yes,Research deployments,Contact plans,Bundle traffic,C,ION-derived,low,Moderate (v1.1.0 2025-06),2025-06,https://sourceforge.net/projects/ione/,RFC 9171; inter-regional drafts,Scott Burleigh / SolarNetOne,where post-JPL Burleigh-lineage features (inter-regional routing) land first,sweep,2026-07,2026-07,Deep space / DTN
IPN-V,Visualizer,,Unity 3D interplanetary network visualization,Deep space DTN,JSON scenarios from IPN-g (ESA GODOT) or IPN-d (built-in designer),Topology; contacts; occlusions; bundle flows (visual only),no,No,Solar-system scenarios (Earth-Mars),JSON scenario folders,Interactive 3D; ION/HDTN contact plan export,C# (Unity),None in repo (UNKNOWN),active,Yes (last activity 2026-07),2026-07,https://gitlab.inria.fr/jfraire/ipn-v,IEEE SMC-IT 2024,Inria + ESA/ESOC (Fraire; Flentge),IPN-g restricted to ESA member-state citizens; demo at ipnv.net on request,dagstuhl,2026-07,2026-07,Deep space / DTN
IPNSIG PWG testbed,Testbed,,Volunteer global multi-implementation BP testbed,Interplanetary DTN interop,Real Internet links + scheduled contact plans,ION/uD3TN/HDTN/DTNME/Unibo-BP interop; BPv6/v7,yes,Yes,Global volunteer nodes (JPL; GRC; APL; universities),Join via IPNSIG PWG,Interop reports,N/A,Open community,active,Yes (PWG site maintained),2026,https://ipnsig-pwg.github.io/,RFC 9171 interop reports,IPNSIG Projects WG,the only open join-able multi-implementation BP testbed,sweep,2026-07,2026-07,Deep space / DTN
Komet,Research platform,Platform,Serverless LEO edge (FaaS + replicated data),LEO edge computing,Inherited from Celestial (SGP4 microVMs),FaaS runtime (tinyFaaS) + data replication (FReD) + scheduler,yes,Yes (real code in microVMs),Celestial-scale scenarios,Celestial configs,Experiment results,Go/Python,Open source (parts GPLv3),low,Marginal (artifact 2024-25),2025,https://github.com/3s-rg/komet,ACM SoCC 2024,TU Berlin 3S (Pfandzelter),reference artifact for serverless LEO orchestration; companion to Celestial,sweep,2026-07,2026-07,LEO; Orbital compute
Krios,Research platform,Platform,K8s orchestration for LEO compute (+ emulated testbed),LEO edge computing,Ground-side orbital position computation (details undocumented),Orchestration/scheduling over emulated latencies; real K8s/Docker,yes,Yes (real K8s cluster),~6 physical nodes demonstrated,YAML scenarios; IP mappings,Scheduling/handoff latency logs,Python,GPL-3.0,low,Low (last push 2026-04; 7 stars),2026-04,https://github.com/GTkernel/krios,ACM SoCC 2024,Georgia Tech (GTkernel),Compute orchestration not network simulation; simplified latency model,dagstuhl,2026-07,2026-07,LEO; Orbital compute
LENS Dataset,Dataset / data,Dataset,Longitudinal latency/loss measurements,LEO broadband (Starlink + some OneWeb),N/A,IRTT/ping latency; loss; jitter; dish gRPC diagnostics,na,N/A,18+ sites; ~20 TB since Nov 2023,N/A,JSON (IRTT); ping logs; processed CSV,Python tooling,Code GPL-3.0; data CC BY-SA 4.0,active,Yes (monthly Zenodo + weekly portal snapshots),2026-06,https://github.com/clarkzjw/LENS,ACM MMSys 2024,Jinwei Zhao / Jianping Pan (UVic PanLab),Canonical dataset of CCC-LEO testbed; 6000+ Zenodo downloads,dagstuhl,2026-07,2026-07,LEO
LEO-HitchHiking,Measurement,Measurement methodology,Internet scanning via exposed services,LEO broadband (Starlink/OneWeb),N/A,TTL-limited pings over satellite hop,na,N/A,Global; running since 2023,Censys API/BigQuery discovery,Public Google BigQuery tables,Python,Apache-2.0,active,Yes (cron collection ongoing; 33 stars),2025-03,https://github.com/stanford-esrg/LEO_HitchHiking,ACM SIGMETRICS 2024,Stanford ESRG (Izhikevich),Terminal-free global measurement; foundation of Roman-HitchHiking,dagstuhl,2026-07,2026-07,LEO
LeoCC,Implementation,,Congestion control for LEO dynamics,LEO satellite network transport,Keyed on connection-reconfiguration signals (handover-aware),Transport congestion control algorithm plus emulation scripts,yes,,Emulation-scale evaluation,Emulation configs,CCA implementation and results,Mixed,MIT,active,Pushed 2026-01,2026-01,https://github.com/SpaceNetLab/LeoCC,ACM SIGCOMM 2025,"SpaceNetLab, Tsinghua University",Congestion control algorithm built for LEO handover dynamics with a public implementation.,sweep,2026-07,2026-07,LEO; Transport
LEOCraft,Simulator,,Flow-level (LP max-flow via Gurobi),LEO broadband,Parametric shells (+Grid ISL); Keplerian,ISL topology; route categories; throughput/latency/coverage,no,No,Multi-shell Starlink/Kuiper/Telesat scale,Python constellation params; GS datasets; traffic matrices,Throughput/stretch metrics; CSV; interactive 2D/3D HTML viz,Python,MIT,active,Yes (last push 2025-07; young),2025-07,https://suvambasak.github.io/LEOCraft/,USENIX ATC 2025,IIT Kanpur + MSR India (Basak; Bhattacherjee),Fast what-if constellation design evaluation; needs Gurobi academic license,dagstuhl,2026-07,2026-07,LEO
LeoEM,Emulator,,Path-level Mininet replay,LEO broadband,StarPerf-derived propagation; Starlink/Kuiper/Telesat shells,Precomputed paths; real-time delay/handover updates; real TCP/QUIC/apps,yes,Yes (Linux kernel in namespaces),Shell-scale propagation offline; one end-to-end path live,Constellation params; ground_stations.xlsx; precomputed paths,Route files; standard tools (iperf; pcap),Python,MIT,inactive,No (last push 2023-06; 136 stars),2023-06,https://github.com/XuyangCaoUCSD/LeoEM,IEEE INFOCOM 2023 (SaTCP),UC San Diego (Xuyang Cao; Xinyu Zhang),Single-path emulator not full constellation; SaTCP companion artifact,dagstuhl,2026-07,2026-07,LEO
leosatellites,Simulator,,LEO constellation library for OMNeT++/INET,LEO broadband,Walker-style params + SGP4/OS3 mobility; validated vs Hypatia,Mobility; ISL topology (igraph); INET TCP variants,no,No,Mega-constellation topologies,OMNeT++ NED/INI,OMNeT++ results,C++,GPL-3.0,active,Yes (last push 2026-04; 81 stars),2026-04,https://github.com/Avian688/leosatellites,OMNeT++ Summit 2021 (arXiv:2109.12046),Valentine/Parisis (Univ. Sussex),the maintained OMNeT++ LEO baseline; foundation of FLoRaSat,sweep,2026-07,2026-07,LEO
LEOScope,Testbed,,Global field testbed over commercial LEO,LEO broadband (Starlink),N/A (real satellites),Real end-to-end links; containerized experiment workloads; terminal telemetry,yes,Yes (real networks),10s of nodes; 5 continents,Experiment specs (cron + Docker images) via portal/CLI,Logs to Azure Blob; public dashboard; LEO link profiles,Python,MIT,active,Yes (last push 2026-06),2026-06,https://leoscope.surrey.ac.uk/,ACM SIGCOMM CCR 2025,Univ. of Surrey + Microsoft Research,"""PlanetLab for Starlink""; access on request with per-node tokens",dagstuhl,2026-07,2026-07,LEO
LEOScope gRPC data,Dataset / data,Dataset,Terminal telemetry + dashboard,LEO broadband,N/A,Starlink gRPC telemetry; latency/throughput time series,na,N/A,Same footprint as LEOScope,N/A,Dashboard; link profiles; formats unclear,JavaScript (dashboard),MIT (website repo); data license UNKNOWN,low,Partially (testbed active; dashboard repo idle since 2024-04),2024-04,https://leoscope.surrey.ac.uk/dashboard,ACM SIGCOMM CCR 2025,LEOScope team,Treat as data facet of LEOScope not standalone; bulk access model unclear,dagstuhl,2026-07,2026-07,LEO
LEOViz,Measurement,Measurement tool,Serving-satellite identification + visualization,LEO broadband (Starlink/OneWeb),TLE + dish telemetry correlation,Dish gRPC; obstruction maps; ICMP latency; satellite ID,na,N/A,Per-dish tool,Dish gRPC; GPS coords; TLEs; pings,CSV; obstruction maps; MP4 visualizations; Grafana,Python,GPL-3.0,active,Yes (last push 2026-01; 59 stars),2026-01,https://github.com/clarkzjw/LEOViz,ACM LEO-NET 2024,Jinwei Zhao (UVic PanLab),Companion software of CCC-LEO testbed,dagstuhl,2026-07,2026-07,LEO
MegaReduce,Implementation,,Constellation sizing under survivability constraints,Constellation dimensioning,Constellation models,Optimization of constellation size against performance and survivability constraints,no,,Mega-constellation design space,Constraints and configs,Optimized designs,Mixed,Not stated,low,Last push 2025-05,2025-05,https://github.com/SpaceNetLab/MegaReduce,IEEE INFOCOM 2024,"SpaceNetLab, Tsinghua University",Cost-driven constellation sizing; complements Hypatia-class simulators.,sweep,2026-07,2026-07,LEO
MeteorNet,Emulator,,Mininet + ONOS SDN + Docker services,LEO broadband / MEC,TLE files + SGP4; contact tables for handover,SDN topology/routing (OpenFlow/ONOS); real container apps; telemetry,yes,Yes (Mininet + Docker),Constellation-scale scripts; single-host Mininet bound,TLEs; ground coordinates; scenario scripts,Telemetry in MongoDB; sFlow-RT; plots,Python,None in repo (UNKNOWN),active,Yes (last activity 2026-06),2026-06,https://gitlab.com/camilo.rojas/meteornet,IEEE ICC Wksp 2024; ASMS/SPSC 2025,Camilo Rojas (Univ. Genoa),Includes RL task-orchestration scripts; heavy dependency stack,dagstuhl,2026-07,2026-07,LEO
NASA cFS BP + bplib,Implementation,,BPv7 as Core Flight System app + embedded library,Flight software DTN,Mission-configured contacts,BPv7; UDP/CCSDS encapsulation CLAs; storage abstraction,yes,Yes,Flight computer targets,cFS configuration,Bundle traffic,C,Apache-2.0,active,Yes (both pushed 2026-03),2026-03,https://github.com/nasa/bp,RFC 9171,NASA cFS community,the path by which BPv7 reaches real NASA avionics,sweep,2026-07,2026-07,Deep space / DTN
NetMet,Measurement,Measurement tool,Browser plugin (per-network QoE),Generic (used for Starlink studies),N/A,Goodput; bufferbloat; web QoE; DASH video QoE,na,N/A,Any volunteer browser,In-browser tests (M-Lab; Akamai DASH),Per-network results in extension UI,JavaScript,None (UNKNOWN),low,Borderline (v2.0 2024-07; last push 2025-02),2025-02,https://github.com/boserohan/netmet,None found,Rohan Bose (TUM),Not satellite-specific; auto-classifies per network; no public dataset,dagstuhl,2026-07,2026-07,LEO
NetSatBench,Emulator,,Distributed container emulation (VXLAN overlay),LEO broadband,JSON scenario + precomputed epoch files (TLE/Walker handling in generators),L2 VXLAN ISLs; L3 auto-addressing; pluggable routing (IS-IS; oracle; SRv6),yes,Yes (containers + sat-agent per node),10-node tutorial; large-scale target,JSON scenarios + epoch files; worker configs,Traffic measurements; routing tables; logs,Python,BSD-2-Clause,active,Yes (created 2025-11; last push 2026-06),2026-06,https://github.com/mSvcBench/NetSatBench,arXiv:2604.27854 (2026 preprint),Andrea Detti (Tor Vergata),Very young; SRv6 handover case study,dagstuhl,2026-07,2026-07,LEO
ns-3-leo,Simulator,,LEO constellation module for ns-3,LEO broadband,TLE import + Walker-style parameters,Mobility; propagation loss (ISL/GSL); ns-3 stack above,no,No,Starlink/Telesat topologies,TLE; constellation params,ns-3 traces,C++,GPL-2.0,inactive,No (last push 2023-11),2023-11,https://github.com/dadada/ns-3-leo,IEEE Access 2022,Tim Schubert (TU Braunschweig),one of two standard ns-3 LEO baselines alongside Hypatia,sweep,2026-07,2026-07,LEO
NSDocker,Emulator,Hybrid sim+emu,ns-3 simulation + Docker real-stack nodes,LEO broadband,Constellation built in ns-3 (propagator UNKNOWN),ns-3 CSMA links + topology; real transport/apps in containers,yes,Yes (Docker side),200 sats demonstrated; 88% memory saving vs pure Docker,ns-3 scenario configs,ns-3 traces + container measurements,UNKNOWN,UNKNOWN,inactive,No public repo found,N/A,https://dl.acm.org/doi/10.1145/3735358.3737767,APNet 2025,BUPT/RMIT (Ruan; Pan; et al.),Artifact availability unclear; contact authors before listing repo,dagstuhl,2026-07,2026-07,LEO
NTN_IAB_Sim,Simulator,,Satellite IAB extension of 5G-air-simulator,NTN-5G,Internal satellite node/link models,RAN system level (scheduling; IAB topologies),no,No,System-level scenarios,Simulator configs,Simulation results,C++,GPLv3,low,Low (last push 2024-09),2024-09,https://github.com/telematics-lab/NTN_IAB_Sim,SATIABLE project papers,Politecnico di Bari,rare open coverage of 3GPP Rel-18/19 satellite IAB,sweep,2026-07,2026-07,NTN-5G
OpenAirInterface 5G NTN,Implementation,,Real 3GPP Rel-17 gNB+UE stack with NTN,NTN-5G (GEO/LEO),Built-in delay/Doppler NTN models in RFsim; real SDR/satellite for OTA,Full 5G PHY-RRC + core interfaces; real IP user plane,yes,Yes,Validated over live GEO transponders,Config files (NTN GEO/LEO presets in-tree),Real 5G traffic; logs,C,OAI Public License v1.1,active,Yes (weekly tags through 2025; Fraunhofer IIS contributions),2025,https://gitlab.eurecom.fr/oai/openairinterface5g,IEEE FNWF 2022; IEEE Access 2024,OSA/EURECOM; ESA 5G-GOA/5G-LEO,only full open stack validated over real GEO satellites,sweep,2026-07,2026-07,LEO; NTN-5G; GEO / DVB
OpenNTN,Simulator,Simulator module,TR 38.811 NTN channels for Sionna,NTN-5G/6G PHY,3GPP statistical channel models (elevation-dependent),PHY channel/antenna only,no,No,Link-level,Sionna/TensorFlow scripts,Channel realizations,Python,MIT,active,Yes (last push 2026-06),2026-06,https://github.com/ant-uni-bremen/OpenNTN,arXiv 2025-09,Univ. Bremen ANT,main open path for AI/ML 6G NTN PHY research,sweep,2026-07,2026-07,NTN-5G
OpenSAND,Emulator,,DVB-S2(X)/RCS2 GEO satcom emulation,GEO satcom access,None (static GEO; link/attenuation scenarios),DVB-S2/RCS2 link/MAC; GSE; IP QoS; real apps via tun/tap,yes,Yes (real Linux stacks),System-level (gateway/terminals),Emulation config; attenuation scenarios,Real IP traffic; logs (companion OpenBACH),C++,GPLv3/LGPLv3,active,Yes (v8.2.0; last push 2025-12),2025-12,https://github.com/CNES/opensand,Ka Conference 2017 (ex-Platine),CNES / Thales / Viveris,canonical European satcom emulator; standard substrate for PEP/QUIC studies,sweep,2026-07,2026-07,GEO / DVB
OpenSN,Emulator,,Container-based constellation emulation (Go),LEO broadband,Config via key-value store (propagator undocumented),Dynamic virtual links; real routing daemons per container,yes,Yes (containers),Mega-constellation scale claimed (5-10x faster build than StarryNet),KV-database config (formats unclear),Undocumented,Go,MIT (code); CC BY-SA 4.0 (site),active,Yes (last push 2026-05; 44 stars),2026-05,https://opensn-library.github.io/,IEEE TPDS 36(8) 2025,Beihang Univ. (Lu; Wang; Zhang; Luo),Positions itself against StarryNet/Mininet on speed; docs sparse,dagstuhl,2026-07,2026-07,LEO
OPS-SAT,In-orbit platform,,3U CubeSat flying laboratory,Software-defined operations,N/A,SEPP processor (ARM+FPGA Linux); S/X-band; SDR; optical receiver,yes,Yes (experimenter software onboard),1 satellite; >100 experimenter teams,Experimenter software via ESA programme,Experiment results,Various,Open experimenter programme,inactive,Mission ended (reentry 2024-05); successor VOLT ~2026,2024-05,https://opssat.esa.int/,ESA mission pages; eoPortal,ESA ESOC (D. Evans),Archetype of open in-orbit software lab; lineage continues via Space Lab + VOLT (optical/QKD),dagstuhl,2026-07,2026-07,Other
PEPsal,Implementation,,TCP-splitting PEP (RFC 3135 style),Transport (GEO),None,IP/TCP connection splitting; TCP Hybla on satellite segment,yes,Yes,Production-style proxy,netfilter rules; config,Real TCP traffic,C,GPL,active,Yes (CNES/Viveris maintained; last push 2025-07),2025-07,https://github.com/CNES/pepsal,IEEE 2006 (Caini et al.),CNES / Viveris / Univ. Bologna,only free maintained reference of the classic satcom TCP PEP,sweep,2026-07,2026-07,GEO / DVB; Transport
PhantomLink,Emulator,,Virtual end-to-end link (Rust; raw sockets),Generic (satellite path dynamics),N/A (CSV scenarios; can derive from orbit models),Link/path only (delay; rate; reordering; route changes); real stack above,yes,Yes (network namespaces),One end-to-end link,CSV scenarios (time; RouteID; delay; rate),Live emulated link; measure via apps,Rust,Apache-2.0,active,Yes (last push 2026-04),2026-04,https://github.com/robinohs/phantomlink,ACM/IRTF ANRW 2025,Saarland Univ. (Ohs; Schmidt; Hermanns),No tc/netem dependency; Debian package + Cargo crate,dagstuhl,2026-07,2026-07,Orbits / astro
PolarLink,In-orbit platform,,8U CubeSat (Arctic LEO connectivity),LEO interoperability / optical ISL,N/A,Optical + RF payloads; space-to-space links with commercial LEO,na,N/A,1 CubeSat planned,N/A,N/A,N/A,N/A,planned,Planned (launch ~Oct/Nov 2027; DRDC contract 2025),2027 (planned),https://www.uvic.ca/ecs/news/cfar-spaceleo.php,UVic news; LEO-NET ecosystem,Jianping Pan (UVic CfAR),DRDC SpaceLEO program; CAD 2.82M; payload details not yet public,dagstuhl,2026-07,2026-07,LEO; Optical
pyCGR,Library,,Didactic Python CGR/SABR reference,Space DTN routing education,ION-style contact plans,CGR route search; SABR concepts; no BP,no,No,Teaching scale,Contact plans,Route computations,Python,Unspecified,inactive,No (last update 2023-04),2023-04,https://bitbucket.org/juanfraire/pycgr,JNCA 2021 CGR tutorial,Juan A. Fraire,canonical readable CGR reference (self-citation to disclose),sweep,2026-07,2026-07,Deep space / DTN
pydtnsim,Simulator,,Python DES for CGR variant evaluation,Space DTN routing,Contact plans / contact graphs,Abstract bundles; CGR + anchoring variants,no,No,Ring Road scale scenarios,Contact plans (dtn-tvg-util compatible),Simulation results,Python,MIT,inactive,No (last push 2022-12),2022-12,https://github.com/ducktec/pydtnsim,TU Dresden CGR research,ducktec (TU Dresden lineage),purpose-built open CGR-variant comparison simulator,sweep,2026-07,2026-07,Deep space / DTN
QPEP,Implementation,,Encrypted QUIC-based PEP + dockerized testbed,Transport (GEO),None (ships OpenSAND-based testbed),TCP interception; QUIC tunnel over satellite hop,yes,Yes,Point-to-point proxy pair,Docker testbed configs,Benchmark results vs PEPsal/VPN,Go + Python,Clear BSD + Commons Clause,low,Fork active (Project-Faster through 2025-03; original dormant 2022),2025-03,https://github.com/ssloxford/qpep,NDSS 2021,Oxford SSL (Pavur) / armasuisse,canonical open answer to PEP-vs-encryption; cited in PANRG/MASQUE discussions,sweep,2026-07,2026-07,GEO / DVB; Transport
QUIC Interop Runner - Satellite Edition,Measurement,Benchmark framework,QUIC implementations over GEO profiles,Transport (GEO),netem GEO delay/loss profiles + real satellite links (Astra/Eutelsat),Transport/application (QUIC/HTTP3 stacks in containers),yes,Yes,Many QUIC implementations compared,Test case definitions,Interop/performance matrices (public results site),Python,MIT-derived,inactive,No (thesis-era 2022; results site online),2022,https://gitlab.cs.fau.de/sedrubal/masterarbeit/quic-interop-runner,PAM 2022 (arXiv:2202.08228),FAU Erlangen (Deutschmann),reusable harness for QUIC-over-satellite comparisons,sweep,2026-07,2026-07,GEO / DVB; Transport
RADIANT,Testbed,,"Amateur-radio DTN testbed (real RF, multiple BP stacks)",Amateur radio DTN; LEO and cislunar payloads targeted,Real over-the-air disruption: terrestrial packet radio now; LEO passes and GEO transponder slots on the roadmap,"BPv7 over LTP in KISS framing; contact graph routing; implementation-agnostic abstraction over HDTN, ION, uD3TN and Hardy; callsign-derived endpoint IDs; no encryption (amateur radio rules)",yes,Real BP implementations over real RF links,Two terrestrial nodes (phase 1); multi-station network and CubeSat payload planned,9600-baud packet radio (FT-817 + TNC4 + Raspberry Pi),Bundle delivery and store-and-forward validation results,Not yet published,Not yet published,active,Phase 1 operational 2026; recruiting collaborators,2026,https://radiant.amsat-uk.org,AMSAT News Service bulletins (2026),AMSAT-UK with AMSAT-DL and Goonhilly Earth Station,"Runs several BPv7 implementations interchangeably under genuine link disruption, which makes it a practical interoperability harness. Source repository not yet public.",community,2026-07,2026-07,Deep space / DTN; Ground segment
Roman-HitchHiking,Measurement,Measurement methodology,Internet scanning for LEO outage detection,LEO broadband (Starlink),N/A,TTL-limited probing of exposed customer IPs; router dedup,na,N/A,Global Starlink user coverage,Censys-style target lists,Scamper warts to Python dataframes,Python,None (UNKNOWN),active,Yes (last push 2026-05),2026-05,https://github.com/UCLA-SCaN/roman_hitchhiking,ACM LEO-NET 2025,UCLA SCaN (lizhikev@ucla.edu),Extends LEO-HitchHiking to near-real-time outage detection,dagstuhl,2026-07,2026-07,LEO
SALT,Testbed,,Rooftop satellite lab (real DVB + emulated links),GEO/DVB satellite broadband,N/A (real links),Transport behavior; congestion control; PMTUD; IP-over-DVB,yes,Yes (real terminals),Single site; dishes 0.3-2.5 m,N/A,Results via papers/RFCs,N/A,N/A (internal loan only),active,Yes (publications through 2026),2026,https://abdn.elsevierpure.com/en/equipments/satellite-applications-laboratory-testbed-salt/,Computer Networks 2025 (10.1016/j.comnet.2025.111950),G. Fairhurst (Aberdeen),Long IETF lineage (TSVWG; DVB/IP RFCs),dagstuhl,2026-07,2026-07,GEO / DVB; LEO
SatEdgeSim,Simulator,,Satellite edge computing task offloading DES,Orbital edge computing,STK-precomputed position traces,Task generation; orchestration; bandwidth/delay; energy model,no,No,1000+ mist nodes; 24 edge; 18 cloud satellites,Position traces; scenario configs,Simulation results,Java,EPL-2.0,inactive,No (dormant since ~2021; 62 stars),2021,https://github.com/wjy491156866/SatEdgeSim,ICCSN 2020,Jiawei Wei et al.,first widely cited OEC simulator; abandoned but baseline,sweep,2026-07,2026-07,Orbital compute
Satitch,Simulator,,Cross-operator LEO core-network collaboration,Multi-operator constellation interoperability,Consumes StarPerf HDF5 topology outputs,"Inter-operator handoff scenarios (e.g. Starlink+Kuiper, Telesat+OneWeb+Qianfan)",no,,Multi-constellation scenarios,StarPerf HDF5 outputs; configs,Simulation results,Mixed,MIT,active,Pushed 2026-01,2026-01,https://github.com/SpaceNetLab/Satitch,IEEE INFOCOM 2026,"SpaceNetLab, Tsinghua University",Public tool for multi-operator core interoperability studies; relevant to inter-constellation federation work.,sweep,2026-07,2026-07,LEO
SatNOGS,Testbed,Ground network,Open volunteer SDR ground-station network + DB,Community ground segment,N/A (real passes),Scheduled observations; demodulated data; telemetry DB for thousands of sats,yes,Yes (real RF),Hundreds of stations online,REST APIs; web scheduling,Observations; waterfalls; telemetry exports,Python (stack),Data CC BY-SA; open-source software,active,Yes,2026,https://satnogs.org,SmallSat Conference paper,Libre Space Foundation,reference community ground segment; schedulable real LEO passes + years of open data,sweep,2026-07,2026-07,Ground segment
SatPerf,Measurement,Measurement tool,Browser plugin (crowdsourced),LEO broadband,N/A,User-perceived speed and page-load metrics,na,N/A,Any volunteer browser,In-browser tests,Local browser storage; optional anonymized upload,JavaScript,Apache-2.0,inactive,No (last push 2024-07; 0 stars),2024-07,https://github.com/socsys/satperf/,None found,"SOCSYS, Univ. of Surrey",Likely dormant; no public dataset identified,dagstuhl,2026-07,2026-07,LEO
SatPipe,Implementation,,Deterministic TCP adaptation for LEO paths,LEO transport and video delivery,Handover-aware deterministic LEO path model,Transport adaptation plus DASH video demo,yes,,Path-level evaluation,Configs,Implementation and demo,Mixed,Not stated,low,Last push 2025-01,2025-01,https://github.com/dzhao99/SatPipe,IEEE INFOCOM 2025,dzhao99 (Cisco Research collaboration),Transport-layer artifact with a working video-streaming demonstration.,sweep,2026-07,2026-07,LEO; Transport
SaVi,Visualizer,,Constellation orbit/coverage visualization,Generic constellations,Keplerian elements via Tcl scripts (Starlink/Iridium/GPS presets; no TLE ingestion),Geometry/footprints/coverage only (no network stack),no,No,Full constellations (thousands),Tcl constellation scripts,2D coverage maps; coverage stats; Geomview 3D; snapshots,C + Tcl/Tk,BSD,active,Yes (v1.6 2023; files updated 2026-03; single maintainer),2026-03,https://savi.sourceforge.io/,arXiv:1204.3265 (2011; lineage to 1990s),Lloyd Wood,~30-year lineage; teaching and constellation design staple,dagstuhl,2026-07,2026-07,LEO
SILLEO-SCNS,Simulator,,Graph/snapshot-level + interactive 3D,LEO broadband,Parametric Walker-style; custom Kepler solver (no TLE),Positions; ISL/GSL graph; shortest-path routing,no,No,Hundreds to thousands (int16 cap ~32k),GUI parameters,VTK interactive viz; numpy state (no trace formats),Python,GPL-3.0,inactive,No (abandoned 2020-11; 111 stars),2020-11,https://github.com/Ben-Kempton/SILLEO-SCNS,MSc thesis + companion paper (2020),B. Kempton (Christopher Newport Univ.),Educational/lightweight; unmaintained,dagstuhl,2026-07,2026-07,LEO
SKYFALL,Implementation,,Bottleneck-ISL and link-flooding attack analysis,LEO network security and resilience,Time-varying topology models,Bottleneck identification; link-flooding attack simulation; countermeasures,no,,Constellation-scale,Topology and attack configs,Analysis results,Mixed,MIT,low,Last push 2024-10,2024-10,https://github.com/SpaceNetLab/SKYFALL,NDSS 2025,"SpaceNetLab, Tsinghua University",Adversarial and resilience analysis; pairs with the attack models in StarPerf.,sweep,2026-07,2026-07,LEO; Security
SNS3,Simulator,,DVB-S2/RCS2 GEO system-level (ns-3 module),GEO broadband,Static GEO 72-beam reference; SGP4 constellation extensions,Per-packet SNIR PHY; DAMA/CRDSA MAC; ns-3 IP/transport above,no,No,72-beam multi-spot GEO system,ns-3 scenario configs,ns-3 traces/statistics,C++,GPL-3.0,active,Yes (last push 2025-11; 215 stars; CNES fork),2025-11,https://github.com/sns3/sns3-satellite,SIMUTools 2014,Magister Solutions / ESA / CNES,most complete open GEO satcom simulator; ESA lineage,sweep,2026-07,2026-07,GEO / DVB; LEO
Space-Track.org,Dataset / data,Data service,Authoritative USSF satellite catalog + GP data,Orbital elements,N/A (the source),GP/GP_History elsets; conjunctions; decay; metadata for 47k+ objects,na,N/A,Full catalog; multiple daily updates,REST API (account required),OMM XML/KVN/JSON/CSV; legacy TLE,N/A,Free account; redistribution restricted,active,Yes,2026,https://www.space-track.org,N/A (operational service),US Space Command / 18 SDS,upstream ground truth behind CelesTrak,sweep,2026-07,2026-07,Orbits / astro
SpaceGEN,Implementation,,Synthetic CDN trace generator,CDN workload traces for satellite network studies,n/a,Popularity-correlated workload trace generation,na,,n/a,Generation parameters,Synthetic CDN traces,Mixed,Not stated,active,Published 2025,2025,https://github.com/ConnectedSystemsLab/SpaceGEN,ACM SIGCOMM 2025,"Connected Systems Lab, UIUC",Companion artifact of StarCDN; reusable workload input for satellite CDN evaluations.,sweep,2026-07,2026-07,LEO
SpaceNet,Emulator,,Two-phase Mininet (offline compute + real-time replay),LEO broadband,Real TLEs (get_tles.sh) or synthetic shells; SGP4/skyfield,ISL/ground topology; configurable routing weights; real stacks in Mininet,yes,Yes (Mininet hosts),Designed for thousands of sats; validated vs real Starlink data,TLEs; YAML configs; GS coordinates,Topology graphs; routing tables; ping/iperf; resource logs,Python,None (UNKNOWN),low,Low (last push 2025-09; docs incomplete),2025-09,https://github.com/SpaceNetTestbed-public,IEEE Access 2026,Virginia Tech (Barbour; Kedrowitsch),Hypatia-inspired; do not confuse with AIAA SpaceNet or SpaceNet EO dataset,dagstuhl,2026-07,2026-07,LEO
srsRAN NTN / OCUDU,Implementation,,O-RAN 5G CU/DU with Rel-17 NTN (GEO),NTN-5G,External channel emulator (bundled GNU Radio GEO delay flowgraph),Full gNB PHY-RRC + O-RAN interfaces,yes,Yes,GEO scenarios reproducible; LEO planned (OCUDU v2.x),Configs + GNU Radio emulator,Real 5G traffic,C++,AGPLv3 (srsRAN); BSD-3 (OCUDU),low,Transition (srsRAN archived 2026-06; OCUDU v1.0 2026-03 active),2026-03,https://docs.ocudu.org,srsRAN NTN tutorial docs,SRS / Linux Foundation,second major open NTN RAN; now under LF governance,sweep,2026-07,2026-07,NTN-5G
StarCDN-Simulator,Simulator,,In-orbit CDN caching simulation,Space content delivery,Constellation model (see paper),CDN placement and caching over LEO; bandwidth-reduction studies,no,,Constellation-scale,Scenario and trace inputs,Simulation results,Mixed,Not stated,active,Published 2025,2025,https://github.com/ConnectedSystemsLab/StarCDN-Simulator,ACM SIGCOMM 2025,"Connected Systems Lab, UIUC",Simulator for space-based CDN placement and caching; pairs with the SpaceGEN trace generator.,sweep,2026-07,2026-07,LEO
Stardust / stardust-go,Simulator,,Scalable 3D-continuum (edge-cloud-space) simulator,LEO edge + routing,Internal circular-shell constellation model,ISL topologies; dynamic routing; ground stations; orchestration plugins,no,No,~20k satellites on one machine,Scenario configs; SimPlugins,Simulation results,C# (archived) / Go successor,Apache-2.0,active,Yes (successor active; original archived 2025-11),2026,https://github.com/polaris-slo-cloud/stardust,arXiv:2506.01513 (2025),TU Wien (Nastic group),currently the most scalable open OEC-oriented simulator,sweep,2026-07,2026-07,LEO; Orbital compute
Starlink CDN and DNS Performance Dataset,Dataset / data,Dataset,Global web-delivery performance over Starlink,LEO broadband,N/A,Speedtests; DNS; traceroutes; CDN reachability,na,N/A,145 countries; Nov 2023-Sep 2025; 225k AIM tests; 6.1M traceroutes; 10.8M DNS queries,N/A,Archives via mediaTUM (formats TBC; site unreachable during check),N/A,UNKNOWN (verify on mediaTUM),inactive,Static snapshot,2025-09 (campaign end),https://mediatum.ub.tum.de/1840504,ACM WWW 2026 (arXiv:2510.13710),Nitinder Mohan (TU Delft),Key finding: PoP proximity dominates Starlink web performance; license/size to verify,dagstuhl,2026-07,2026-07,LEO
Starlink DTC visualization,Visualizer,,Live CesiumJS globe of DTC satellites,Direct-to-cell,Client-side satellite.js propagation from ephemeris feed,Orbital positions only,na,N/A,Starlink DTC subset,Ephemeris CSV feed (auto-fetched),Interactive WebGL (no export),JavaScript,UNKNOWN,active,Yes (live site),2026-01,https://constellation.jinwei.me/,None,Jinwei Zhao (UVic),Illustrative only; not a data source,dagstuhl,2026-07,2026-07,LEO
Starlink on the Autobahn,Dataset / data,Dataset,Mobile Starlink at highway speeds,LEO broadband,N/A,RTT; iperf3 throughput; loss vs vehicle speed,na,N/A,Osnabrück-Bunde route + stationary baselines,N/A,CSV + notebooks + emulation scripts,Python notebooks,CC BY-SA 4.0,inactive,Frozen,2025-02,https://github.com/sys-uos/Starlink-on-the-Autobahn,IEEE OJ-COMS 2025,sys-uos (Osnabrück),Successor of Starlink on the Road with >100 km/h mobility,dagstuhl,2026-07,2026-07,LEO
Starlink on the Road,Dataset / data,Dataset,First public in-motion Starlink dataset,LEO broadband,N/A,"17,479 throughput + 1,191 RTT + 519 power samples vs speed",na,N/A,Osnabrück region campaign,N/A,CSV,N/A,CC BY-SA 4.0,inactive,Frozen,2024-05,https://github.com/sys-uos/Starlink-on-the-Road,TMA 2024,sys-uos (Osnabrück),GPS traces withheld for privacy,dagstuhl,2026-07,2026-07,LEO
starlink-grpc-tools,Measurement,Measurement tool,Dish telemetry extraction toolkit,Starlink terminal telemetry,N/A,Dish status/history/obstruction via local gRPC,na,N/A,Single dish (the substrate under most dish-side datasets),Local gRPC polling,CSV; SQLite; InfluxDB; Prometheus; MQTT; PNG,Python,Unlicense (public domain),active,Yes (v1.2.5 2026-03),2026-03,https://github.com/sparky8512/starlink-grpc-tools,None (community; cited in many papers),sparky8512 (community),the common telemetry substrate under LENS/WetLinks-class datasets,sweep,2026-07,2026-07,LEO
starlinkstatus.space,Measurement,Measurement platform,Crowdsourced community Starlink monitoring,LEO broadband,N/A,Latency every 15s + speedtests every 15min from volunteer dishes,na,N/A,~1.7M measurements; ~300 stations; ~29 countries,Open client (RPi-class),Web dashboards; bulk data by arrangement,Open-source client,Open source,active,Yes,2026,https://starlinkstatus.space,IEEE 2024 (10622394),Manuel Lausmann (community),rare independent crowdsourced effort already used in peer-reviewed work,sweep,2026-07,2026-07,LEO
StarPerf 2.0,Simulator,,Graph/snapshot network performance,LEO broadband,TLE (tle.json) + skyfield/sgp4; parametric Walker,ISL grid topology; path computation; latency/coverage/attack models,no,No,Starlink/OneWeb/Kuiper scale (thousands),TLE data; config files,HDF5; CSV; pyecharts; Cesium 3D viz,Python,BSD-2-Clause,active,Yes (last push 2025-12; 201 stars),2025-12,https://github.com/SpaceNetLab/StarPerf_Simulator,IWQoS 2020 lineage; NDSS 2025 repro,"SpaceNetLab, Tsinghua",v2.0 pure Python (dropped STK/MATLAB); use release/v2.0 branch,dagstuhl,2026-07,2026-07,LEO
StarryNet,Emulator,,Container-based constellation emulation,LEO broadband (ISTN),config.json (altitude/inclination/phases) + skyfield/sgp4,Positions/link distances; tc-shaped links; real routing (Bird OSPF); real apps,yes,Yes (Docker + Linux kernel),27 nodes in README walkthrough; larger multi-machine in NSDI paper,config.json; ground station lat/long; Python API,Routing tables; ping/iperf results; per-node position data,Python,MIT,active,Yes (last push 2026-05; 139 stars),2026-05,https://github.com/SpaceNetLab/StarryNet,USENIX NSDI 2023,"SpaceNetLab, Tsinghua (Zeqi Lai)",OSPF only routing wired in by default; same lab as StarPerf,dagstuhl,2026-07,2026-07,LEO
STELIOS,In-orbit platform,,ESA in-orbit secure telecom laboratory,Secure satcom,N/A,Secure telecom experimentation (details pre-award),na,N/A,Pre-award (tender stage),N/A,N/A,N/A,N/A,planned,Planned (ARTES 4.0 4S activity 3E.031),Pre-award,https://esastar-publication-ext.sso.esa.int/ESATenderActions/details/162569,ESA tender,ESA ARTES 4S,Likely the Dagstuhl row source (via Atlasis); complements OPS-SAT VOLT on security side,dagstuhl,2026-07,2026-07,GEO / DVB
Tartan Artibeus 1,In-orbit platform,,Batteryless computational PocketQube (1p),Orbital edge computing,N/A,Supercapacitor EPS; intermittent computing; low-rate radio; ran cote onboard,na,N/A,1 PocketQube (launched 2022-01),N/A,N/A,Open-source HW/SW,Open source,low,Flown; current status unknown (likely decayed),2022,https://abstract.ece.cmu.edu/ta-1/,SmallSat 2022,CMU Abstract lab (Lucia),World-first batteryless satellite; template for ultra-low-cost constellations,dagstuhl,2026-07,2026-07,Orbital compute
The ONE,Simulator,,Classic opportunistic-DTN discrete-event simulator,Terrestrial opportunistic DTN,Synthetic mobility models; imported traces,Abstract messages; Epidemic/PRoPHET/Spray-and-Wait/MaxProp routing,no,No,City-scale opportunistic scenarios,Mobility configs/traces,Message-level reports,Java,GPL-3.0,inactive,No (dormant; last push 2024-12),2024-12,https://github.com/akeranen/the-one,SIMUTools 2009,Keranen/Ott (Aalto),most-cited DTN simulator ever; the baseline space DTN simulators diverged from,sweep,2026-07,2026-07,Deep space / DTN
The Starlink Robot,Dataset / data,Dataset,Mobile robotic platform + multimodal dataset,Mobile Starlink,N/A,Link performance + fisheye sky camera + LiDAR + IMU/GPS synchronized,na,N/A,~7h / ~120 GB; London environments,N/A,ROS bags; CSV; HDF5,Python/ROS,Open (see repo),active,Yes (docs maintained 2026),2026,https://github.com/StarlinkRobot,EAIS 2026 (arXiv:2506.19781),StarlinkRobot project,uniquely couples environment sensing with link measurements for causal mobility analysis,sweep,2026-07,2026-07,LEO
TheaterQ,Emulator,,Trace-driven Linux qdisc (1 microsecond resolution),Dynamic/LEO link emulation,Trace files (incl. LEO traces),Link only; real stack above,yes,Yes (kernel qdisc),Single link; microsecond fidelity,Trace files,Live emulated link,C (kernel module),GPLv2,active,Yes (2025),2025,https://github.com/cs7org/TheaterQ,arXiv:2510.27057 (2025),FAU Erlangen (cs7),modern netem replacement; complements ebpf-trace-emu,sweep,2026-07,2026-07,LEO
Tiansuan Constellation ({LEO}),In-orbit platform,,Open research constellation (cloud-native satellites),Satellite computing / 6G,N/A (real satellites),Onboard containers/K8s-style orchestration; sat-ground links,yes,Yes (real satellites),Phase 1: 6 sats; phase 2: 24; target 300,Experiment applications via Tiansuan Experiment Platform,Experiment results/telemetry; open datasets,Mixed (Python; C; Rust),Varies per repo,active,Yes (GitHub activity through 2026-01),2026-01,http://www.tiansuan.org.cn/,IEEE EDGE 2021 (arXiv:2112.14957),"BUPT, Prof. Shangguang Wang",Rename row from {LEO}; open call at little/zero cost; site TLS cert broken (use http),dagstuhl,2026-07,2026-07,NTN-5G; Orbital compute
TinyGS,Testbed,Ground network,8000+ ESP32+LoRa ground stations,LoRa smallsat downlink,N/A,LoRa/FSK reception from small satellites; central MQTT scheduling,yes,Yes (real RF),8000+ stations global,~$20 ESP32 boards; browser flashing,Web dashboards; packets per satellite,C++ (firmware),Open source,active,Yes,2026,https://tinygs.com,None formal,TinyGS non-profit,extreme-low-cost community ground segment for IoT constellations,sweep,2026-07,2026-07,IoT
TinyLEO,Implementation,,Sparse constellation design toolkit,Constellation design and control plane,Demand-driven orbital synthesis with model-predictive orchestration,Network synthesizer plus orbital MPC orchestrator,no,,Mega-constellation design space (2-7.9x size reduction reported),Demand and scenario configs,Constellation designs; documentation site,Mixed,Apache-2.0,active,Active 2026,2026,https://github.com/TinyLEO-toolkit/TinyLEO,ACM SIGCOMM 2025,TinyLEO toolkit team,Released as a community toolkit for demand-driven LEO network design.,sweep,2026-07,2026-07,LEO
TUD OGS,Testbed,,Optical ground station + FSOC lab,Optical,N/A (real links),Optical channel; turbulence; adaptive optics,na,N/A,Single site (Delft),N/A,Results via publications (no public API),N/A,N/A,active,Yes (ongoing research output),2026,https://www.tudelft.nl/lr/laser-satellite-communications,Group publications (no flagship testbed paper),R. Saathof (TU Delft),Optical-link counterpart to RF testbeds; access by collaboration,dagstuhl,2026-07,2026-07,Optical
uD3TN,Implementation,,Lean space-tested BP for POSIX + microcontrollers,DTN (LEO + interplanetary),External contacts via AAP/AAP2 (routing delegated to BDMs),BPv6+v7; TCPCLv3/MTCP/SPP/BIBE CLAs; no built-in CGR (by design),yes,Yes,Flown on ESA OPS-SAT,AAP2 API; config,Bundle traffic,C (+Python tooling),AGPL-3.0 (commercial available),active,Yes (activity 2026-07),2026-07,https://gitlab.com/d3tn/ud3tn,RFC 9171; arXiv:2407.17166,D3TN GmbH (Felix Walter),main European commercial-grade open BP stack; cross-agency interop demos,sweep,2026-07,2026-07,LEO; Deep space / DTN
Unibo-BP / Unibo-CGR,Implementation,,Research BPv7 stack + portable CGR/SABR module,Space DTN research,ION-compatible contact plans,BPv7; own LTP (RFC 5326); TCPCLv3/UDP; Unibo-CGR plugs into ION/DTNME/Unibo-BP,yes,Yes,Ground testbeds; GEO/deep-space emulation,Contact plans; config,Bundle traffic; stats,C/C++,GPL-3.0,active,Yes (activity 2026-07),2026-07,https://gitlab.com/unibo-dtn/unibo-bp,RFC 9171; Caini et al. 2023,Carlo Caini (Univ. Bologna),only portable CGR/SABR reference designed for multiple BP stacks,sweep,2026-07,2026-07,Deep space / DTN
WetLinks,Dataset / data,Dataset,Starlink + synchronized weather observations,LEO broadband,N/A,iperf/ping/traceroute + co-located weather stations,na,N/A,2 sites (Enschede NL; Osnabrück DE); ~6 months,N/A,CSV + feature docs + notebooks,Python notebooks,CC BY-SA 4.0,inactive,Frozen (campaign concluded),2025-08,https://github.com/sys-uos/WetLinks,TMA 2024,sys-uos (Osnabrück; Laniewski),Rare public weather-vs-Starlink dataset,dagstuhl,2026-07,2026-07,LEO
xeoverse,Emulator,,Mininet real-time emulation,LEO broadband,Precomputed orbital dynamics (propagator undisclosed),Dynamic ISL/GSL topology; routing; real TCP/QUIC end-to-end,yes,Yes (Mininet process-level),~4096 node Mininet bound; real-time 1s=1s,Scenario configs (not public),Performance metrics (not public),Python,"Proprietary, non-commercial, code by registration",unknown,Unknown (closed distribution),Unknown,https://netsys.surrey.ac.uk/softwares/xeoverse/,IFIP Networking 2024 (arXiv:2406.11366),"NetSys, Univ. of Surrey (Kassem; Sastry)",Claims 2.9x faster than Hypatia; 40x vs StarryNet; closed license limits reproducibility,dagstuhl,2026-07,2026-07,LEO
